"ID";"River_station";"CatchmentArea_km2";"XLambert.II";"YLambert.II";"Elevation";"first_data";"last_data";"Lat";"Lon";"HER_Original";"XG";"YG";"HER_Clustered";"S";"P10";"DD";"Zmean";"name2"
"A2332110";"La Lièpvrette à Lièpvre";108;967752;2375048;260;1965;2010;48.27010648;7.29262106;4;961054.5;2372972.5;4;109.99995;64.81636;1095.41821;607.60907;"La Lièpvrette à Lièpvre"
"A3301010";"La Moder à Schweighouse-sur-Moder [aval]";622;996842;2438573;144;1966;2010;48.82270607;7.74226442;4;980865;2449727.25;4;654.99976;53.83789;851.94659;258.81833;"La Moder à Schweighouse-sur-Moder "
"A3832010";"Le Seltzbach à Niederroedern";202;1018642;2449140;120;1965;2010;48.90359499;8.04864885;18;1008798.5;2454092.25;4;201.00005;52.6688;1043.36816;189.80099;"Le Seltzbach à Niederroedern"
"A4050620";"La Moselle à Rupt-sur-Moselle";153;925001;2332341;432;1968;2010;47.90948677;6.68592558;4;933657.875;2330019.75;4;151.99992;98.34809;1194.34863;739.82239;"La Moselle à Rupt-sur-Moselle"
"A4200630";"LA MOSELLE à SAINT-NABORD [NOIR GUEUX]";621;918439;2349423;371;1961;2010;48.06610426;6.61069938;4;930534.125;2339943;4;617.99969;83.20319;1147.48706;715.08899;"La Moselle à Saint-Nabord "
"A4250640";"LA MOSELLE à ÉPINAL";1220;906099;2359835;324;1960;2010;48.16551516;6.45268715;4;927448.75;2347753.25;4;1188.00073;75.17554;1113.28369;647.27612;"La Moselle à Épinal"
"A5261010";"Le Madon à Mirecourt";382;881861;2373834;261;1965;2007;48.30219492;6.13637403;10;884051.625;2363562.5;10;368;54.31916;897.42389;341.57608;"Le Madon à Mirecourt"
"A5431010";"LE MADON à PULLIGNY";940;880252;2400790;225;1964;2010;48.54495388;6.13224899;10;881201.5;2376631.5;10;941.99957;52.66341;883.14758;329.82166;"Le Madon à Pulligny"
"A6051020";"La Meurthe à Saint-Dié";374;942720;2375131;335;1967;2010;48.28455096;6.95614061;4;948908.3125;2369390;4;382.00024;68.33013;1071.19629;634.41364;"La Meurthe à Saint-Dié"
"A7881010";"La Seille à Metz";1280;881329;2462728;163;1964;2010;49.10050176;6.18787856;10;902056.5;2436625.75;10;1313.99963;55.15582;1112.11877;237.61188;"La Seille à Metz "
"B2220010";"La Meuse a Saint-Mihiel";2540;834386;2435058;219;1968;2008;48.8709908;5.53063125;-9999;-9999;-9999;10;-9999;-9999;-9999;-9999;"La Meuse à Saint-Mihiel"
"B4631010";"La Chiers à Carignan";1967;804122;2518369;159;1966;2010;49.62933623;5.15932645;10;834371.1875;2502891.5;10;1978.99976;49.89886;425.85245;282.47702;"La Chiers à Carignan"
"B5322010";"La Vence à la Francheville";124;771581;2528241;150;1968;2010;49.72760592;4.71373849;10;764135;2521341.25;10;125.99998;50.16405;516.26984;224.7619;"La Vence à la Francheville"
"E4306010";"La Hem à Tournehem-sur-la-Hem [Guémy]";105;578397;2645262;32;1966;2010;50.80066887;2.03076983;9;573276.6875;2641470.75;9;102.99999;52.64922;585.50488;113.95145;"La Hem à Tournehem-sur-la-Hem "
"H0100010";"La Seine à Nod-sur-Seine";371;767447;2309617;248;1968;2010;47.76459746;4.5704553;10;777411.25;2297258;10;372;52.13253;439.40054;400.83066;"La Seine à Nod-sur-Seine"
"H0100020";"La Seine à Plaines-Saint-Lange";704;760025;2335151;179;1967;2010;47.99599927;4.48077532;10;771882.0625;2307892;10;703.99969;50.89071;422.29404;344.66336;"La Seine à Plaines-Saint-Lange"
"H0321030";"LOurce à Autricourt";548;770022;2335690;197;1967;2010;47.99831631;4.61486677;10;784392;2313837.5;10;536.99988;49.95998;462.86407;358.88828;"L'Ource à Autricourt"
"H2062010";"Le Beuvron à Ouagne [Champmoreau]";264;687315;2268925;160;1967;2010;47.41421392;3.49364262;10;685950.8125;2255079.75;10;264.00003;49.30583;645.45453;260.04926;"Le Beuvron à Ouagne "
"H2073110";"Le Sauzay à Corvol-lOrgueilleux";81;680799;2270671;172;1967;2010;47.43074787;3.40761738;10;674565.8125;2267552.5;10;75.99996;43.68303;306.21054;263.61841;"Le Sauzay à Corvol-l'Orgueilleux"
"H3621010";"Le Loing à Épisy";3900;633515;2371067;48;1948;2010;48.33769995;2.78847219;-9999;-9999;-9999;9;-9999;-9999;-9999;-9999;"Le Loing à Épisy"
"H4223110";"La Remarde à Saint-Cyr-sous-Dourdan";147;577524;2395844;77;1968;2010;48.56091954;2.0321188;9;570973;2401013.5;9;147.99995;49.52392;815.56079;143.99324;"La Remarde à Saint-Cyr-sous-Dourdan"
"H4252010";"LOrge à Morsang-sur-Orge";922;600344;2407668;35;1967;2010;48.66759992;2.34117659;9;579924.9375;2402251.5;9;917.99963;49.96447;663.9989;131.63617;"L'Orge à Morsang-sur-Orge"
"H5172010";"LA SAULX à VITRY-EN-PERTHOIS";2100;768479;2418840;95;1957;2010;48.74596988;4.62664793;10;809164.0625;2412786.5;10;2160.99951;58.44184;644.56915;264.70847;"La Saulx à Vitry-en-Perthois"
"H6201010";"L'AISNE à MOURON";2280;778020;2481710;102;1951;2010;49.30808869;4.78284072;9;793828.25;2459920.25;9;2263.99878;52.03049;738.68066;207.85822;"L'Aisne à Mouron"
"H7033010";"Le Thon à Origny-en-Thiérache";258;721043;2545585;140;1967;2010;49.89500397;4.01893516;9;735171.9375;2538920;9;259;47.8027;775.2973;216.5444;"Le Thon à Origny-en-Thiérache"
"H7401010";"L'OISE à SEMPIGNY";4290;647604;2507195;33;1955;2010;49.56010229;2.9937926;9;701149.75;2527382.25;9;4235.00195;45.55157;749.48596;139.24037;"L'Oise à Sempigny"
"H9021010";"LEure à Saint-Luperce";330;522651;2383883;154;1965;2010;48.44915492;1.2911899;9;503217.15625;2389265;9;335.99994;44.18848;776.28271;221.99405;"L'Eure à Saint-Luperce"
"I0011010";"La Risle à Rai";149;470860;2418153;205;1965;2010;48.74887045;0.58110714;9;461266.625;2415606.5;9;149.99994;47.54633;847.35999;271.06668;"La Risle à Rai"
"J0144010";"La Loysance à Saint-Ouen-la-Rouërie";81.5;320847;2387708;50;1968;2010;48.42791207;-1.43586476;12;329216.0625;2387660.5;12;81.00001;45.64827;1267.72839;129.25926;"La Loysance à Saint-Ouen-la-Rouërie"
"J0323010";"Le Guyoult à Epiniac";63;302691;2399536;18;1967;2010;48.52602;-1.68898417;12;304406.25;2396390.5;12;64;42.70172;854.15625;72.64062;"Le Guyoult à Epiniac"
"J0626610";"Le Néal à Médréac";82;274999;2372787;57;1968;2010;48.27256965;-2.04301799;12;277121.9375;2370439;12;82;49.65171;896.68292;99.7439;"Le Néal à Médréac"
"J2603010";"Le Jarlot à Plougonven";44;147389;2414104;18;1966;2010;48.56650835;-3.80004556;12;149978.26562;2407826;12;45.99998;55.80761;898.6087;159.13043;"Le Jarlot à Plougonven"
"J2723010";"La Penze à Taulé [Penhoat]";141;138459;2416959;6;1967;2010;48.5857684;-3.92369008;12;136597.90625;2406213.25;12;143.00003;57.93077;924.28674;143.27972;"La Penze à Taulé "
"J3024010";"Le Guillec à Trézilidé";43;127486;2421218;35;1966;2010;48.61598443;-4.07657618;12;124695.125;2416524.5;12;41;51.76488;945.60974;88.63415;"Le Guillec à Trézilidé"
"J3205710";"LAber Wrach au Drennec";24;105685;2413594;34;1966;2010;48.53135814;-4.3622648;12;106239.13281;2411065.25;12;22.99999;49.47305;1222.82605;73.21739;"L'Aber Wrac'h au Drennec"
"J4214510";"Le Langelin à Briec [Pont D72]";7.04;129481;2363792;130;1967;2010;48.10283196;-3.987041;12;128000;2363000;12;8;64.13625;775.5;130.375;"Le Langelin à Briec "
"J4224010";"Le Jet à Ergué-Gabéric";107;126454;2351318;18;1966;2010;47.98883256;-4.0140285;12;133563.0625;2352301.75;12;110.99996;59.60541;1127.92798;119.54955;"Le Jet à Ergué-Gabéric "
"J4514010";"Le Moros à Concarneau [PONT D22]";20.1;135882;2338855;10;1967;2010;47.8838802;-3.8749431;12;139150;2338250;12;20;54.809;932;65.1;"Le Moros à Concarneau "
"J4614010";"Le Ster Goz à Bannalec [Pont Meya]";69.7;145275;2340784;28;1966;2010;47.90777838;-3.75173653;12;145659.42188;2349094.5;12;69.00004;63.48348;1184.15942;141.39131;"Le Ster Goz à Bannalec "
"J5613010";"LEvel à Guénin";316;203163;2335808;39;1964;2010;47.90086998;-2.97471704;12;212226.10938;2343554;12;314;56.45095;930.23566;105.21338;"L'Evel à Guénin"
"J5704810";"Le Coët-Organ à Quistinic [Kerdec]";47.7;186330;2337444;38;1964;2010;47.90510736;-3.20081914;12;188460.78125;2342186.25;12;51.00002;63.82608;1030.13721;127.70588;"Le Coët-Organ à Quistinic "
"J7353010";"Le Meu à Montfort-sur-Meu [LAbbaye]";468;281446;2356379;29;1968;2010;48.12845184;-1.94428341;12;265662.5625;2360496;12;486.00027;51.03453;804.73248;93.66872;"Le Meu à Montfort-sur-Meu "
"J7483010";"La Seiche à Bruz [Carcé]";820;297327;2343403;15;1967;2010;48.01950612;-1.722263;12;321569.53125;2338953.25;12;833.99969;46.30603;879.29974;70.26139;"La Seiche à Bruz "
"J7824010";"LAron à Grand-Fougeray [La Bernardais]";118;297959;2309261;13;1969;2010;47.71315668;-1.69036273;12;303956.90625;2315301.75;12;115.99999;49.44888;804.70691;61.26724;"L'Aron à Grand-Fougeray "
"J7973010";"Le Canut Sud à Saint-Just [La Rivière Colombel]";37;276705;2317415;25;1968;2010;47.77624728;-1.97914027;12;279416.65625;2319750;12;36;48.87528;1071.63892;64.55556;"Le Canut Sud à Saint-Just "
"J8363110";"LYvel à Loyat [Pont D 129]";315;249033;2343342;33;1968;2010;47.99475523;-2.3683857;12;250985.65625;2354481;12;312.99991;50.14939;839.40253;108.68371;"L'Yvel à Loyat "
"J8602410";"LAff à Paimpont [Pont Du Secret]";30.2;265728;2341008;64;1968;2010;47.98257048;-2.14329534;12;265067.5625;2345148.5;12;37;49.17;881.86487;153.16216;"L'Aff à Paimpont "
"K0403010";"Le Lignon du Velay au Chambon-sur-Lignon";139;754765;2008282;930;1960;2010;45.05776414;4.30092264;3;750072.5;2002413;3;138.00008;95.33797;1055.10144;1152.32605;"Le Lignon du Velay au Chambon-sur-Lignon"
"K0454010";"LA DUNIERES à SAINTE-SIGOLENE [VAUBARLET]";228;747547;2025563;584;1947;2010;45.21475378;4.21458125;3;758019.9375;2025495.375;3;227.00003;83.50216;1092.96912;940.72687;"La Dunières à Sainte-Sigolène "
"K0523010";"L'ANCE DU NORD à SAINT-JULIEN-D'ANCE [LAPRAT]";354;725670;2035417;692;1948;2009;45.30773136;3.93876237;3;722285.375;2048432.5;3;354.00003;70.11828;883.70624;997.79944;"L'Ance du Nord à Saint-Julien-d'Ance "
"K0567520";"La Semène à Saint-Didier-en-Velay [Le Crouzet]";134;750120;2036618;720;1963;2010;45.31361485;4.2507435;3;758789;2035152.125;3;135.00002;79.21207;1062.31848;930.83704;"La Semène à Saint-Didier-en-Velay "
"K1284810";"La Selle à la Celle-en-Morvan [Polroy]";138;741420;2224470;322;1969;2010;47.00504631;4.19650247;21;734521.875;2229717.5;13;138.00008;66.75391;984.48553;547.2536;"La Selle à la Celle-en-Morvan "
"K1341810";"L'Arroux a Rigny-sur-Arroux";2277;730234;2171909;237;1967;2008;46.53457638;4.03450552;-9999;-9999;-9999;13;-9999;-9999;-9999;-9999;"L'Arroux à Rigny-sur-Arroux"
"K1383010";"La Bourbince à Vitry-en-Charollais";819;733636;2165449;237;1967;2010;46.47580133;4.07698192;21;749204.3125;2181743.5;13;832.00055;57.63517;1058.7644;316.53726;"La Bourbince à Vitry-en-Charollais"
"K1724210";"La Dragne à Vandenesse";115;708703;2213318;210;1968;2010;46.91089339;3.76365216;21;718455.3125;2218044.75;13;112.00004;60.73768;1021.23212;407.99106;"La Dragne à Vandenesse"
"K2363010";"La Senouire à Paulhaguet";155;693213;2022590;538;1961;2009;45.19753697;3.52256452;3;701941;2029108.875;3;160.99997;66.18155;936.08075;947.12421;"La Senouire à Paulhaguet "
"K2514010";"L'ALLANCHE à JOURSAC [PONT DU VERNET]";157;652750;2015095;746;1965;2010;45.1344154;3.00694873;3;640802.0625;2011661.125;3;148.99992;88.00799;1035.16772;1120.46985;"L'Allanche à Joursac "
"K2523010";"L'ALAGNON à JOURSAC [JOURSAC-LE-VIALARD]";310;654484;2018233;870;1948;2010;45.16250691;3.02933602;3;643377.6875;2018601.5;3;334.99976;78.2014;978.22986;1117.31641;"L'Alagnon à Joursac "
"K2593010";"LAlagnon à Lempdes";984;672702;2042859;450;1967;2010;45.38233689;3.26465992;3;655303.625;2024924.375;3;997.00006;71.31564;1036.5426;973.58173;"L'Alagnon à Lempdes"
"K2644010";"LAilloux à Manglieu [Moulin de Lavaur]";73.2;679671;2069679;437;1967;2010;45.62282177;3.35806284;3;683678.0625;2067938.375;3;73.00005;65.88699;1324.05481;598.24658;"L'Ailloux à Manglieu "
"K3264010";"La Saunade à Pontaumur";112;626203;2096769;536;1967;2010;45.8706894;2.67401953;21;615863.6875;2099987.75;13;121.00008;56.59835;554.43799;690.19836;"La Saunade à Pontaumur"
"K3374710";"Le Boublon Lagées à Fourilles";71.4;666449;2138525;255;1967;2010;46.24359738;3.19821887;21;658916.6875;2133667;13;72;61.64514;953.55554;372.40277;"Le Boublon Lagées à Fourilles"
"K4443010";"L'Ardoux a Lailly-en-Val";155;548950;2305560;78;1966;2008;47.74750645;1.65575842;-9999;-9999;-9999;9;-9999;-9999;-9999;-9999;"L'Ardoux à Lailly-en-Val"
"K5183010";"La Tardes a Evaux-les-Bains";854;608370;2131589;334;1944;2007;46.18441496;2.44495969;-9999;-9999;-9999;13;-9999;-9999;-9999;-9999;"La Tardes à Évaux-les-Bains"
"K5200910";"LE CHER à TEILLET-ARGENTY";1600;625500;2138050;267;1948;2008;46.24211514;2.66719761;21;607073.4375;2121759.5;13;1519.00085;59.80047;982.13232;524.87622;"Le Cher à Teillet-Argenty"
"K5653010";"LAuron à Bourges [LOrmediot]";585;608476;2226352;130;1967;2010;47.03696609;2.44806367;9;621029.75;2206165.5;9;588.99994;51.83543;717.0849;187.32088;"L'Auron à Bourges "
"K6492510";"La Sauldre a Selles-sur-Cher";2254;539369;2254394;73;1964;2008;47.28649264;1.53496623;-9999;-9999;-9999;9;-9999;-9999;-9999;-9999;"La Sauldre à Selles-sur-Cher"
"K7312610";"LIndre à Saint-Cyran-du-Jambot";1712;508056;2224821;85;1968;2010;47.01687508;1.12707215;9;550770.6875;2194353.75;9;1721.00061;52.28897;705.77917;204.38815;"L'Indre à Saint-Cyran-du-Jambot"
"K7514010";"LÉchandon à Saint-Branchs";127;485127;2250845;63;1968;2010;47.24736798;0.81891249;9;483750;2240320.25;9;127.99994;47.27625;854.79687;108.22656;"L'Échandon à Saint-Branchs"
"L0010610";"La Vienne à Peyrelevade [Servières]";58.5;574363;2078033;618;1957;2010;45.70214587;2.00737328;21;578324.5625;2077535.125;13;56.99997;72.48842;1137.14038;838.98248;"La Vienne à Peyrelevade "
"L0314010";"La Vige à Saint-Martin-Sainte-Catherine";134;541225;2106498;302;1958;2010;45.95616894;1.57837824;21;547386.375;2102590.5;13;132.00002;69.43152;1091.66663;476.75;"La Vige à Saint-Martin-Sainte-Catherine"
"L0563010";"La Briance à Condat-sur-Vienne [Chambon Veyrinas]";597;514694;2084646;214;1966;2010;45.75676606;1.24011457;21;527928.1875;2074920.875;13;598.00012;70.87903;881.76251;386.69064;"La Briance à Condat-sur-Vienne "
"L0813010";"La Glane à Saint-Junien [le Dérot]";288;489758;2102428;208;1967;2010;45.91313205;0.9155422;21;501172.34375;2106193.25;13;289.99997;61.56524;1193.15515;316.57932;"La Glane à Saint-Junien "
"L4010710";"LA CREUSE à FELLETIN";165;586857;2098693;510;1958;2010;45.88837499;2.16721932;21;584207.5625;2088991.125;13;171.00008;70.36772;981.15204;746.4386;"La Creuse à Felletin"
"L4033010";"LA ROZEILLE à MOUTIER-ROZEILLE [AUBUSSON]";186;587644;2103530;440;1959;2010;45.93190753;2.17723163;21;594804.6875;2092585.375;13;187.00009;64.91866;941.12836;700.09625;"La Rozeille à Moutier-Rozeille "
"L4220710";"LA GRANDE CREUSE à FRESSELINES";1235;549424;2153359;212;1956;2010;46.37842318;1.6790741;21;577199;2115044.75;13;1234.99963;63.84421;930.74817;537.94739;"La Creuse à Fresselines"
"L4321710";"La Petite Creuse à Genouillac";558;573550;2151950;273;1967;2009;46.36713112;1.99277549;21;585016;2144233;13;562.00006;60.71678;1068.5481;418.34875;"La Petite Creuse à Genouillac"
"L4411710";"LA PETITE CREUSE à FRESSELINES [PUY RAGEAUD]";850;550194;2154188;218;1958;2010;46.38593896;1.68899441;21;578290.125;2147073;13;848.00018;59.43074;1052.81958;393.90094;"La Petite Creuse à Fresselines "
"L5034010";"LArdour à Folles [Forgefer]";131;534981;2122179;318;1967;2010;46.09667056;1.49567416;21;543372.0625;2120804;13;125.00001;59.85632;900.43201;437.91199;"L'Ardour à Folles "
"L5101810";"La Gartempe à Folles [Bessines]";570;530170;2124131;298;1960;2010;46.1137509;1.4331701;21;546369.125;2125339.75;13;573.00006;60.5997;955.2478;443.23212;"La Gartempe à Folles "
"L5134010";"La Semme à Droux";177;507735;2128547;186;1968;2010;46.1507827;1.14210516;21;523797.75;2130798.5;13;178.00011;62.42506;976.30334;324.10675;"La Semme à Droux"
"L5223020";"Le Vincou à Bellac [2]";286;498358;2126862;235;1966;2010;46.13427706;1.02110005;21;507570.71875;2116786.75;13;282.99997;62.38223;967.71027;318.7597;"Le Vincou à Bellac "
"L7000610";"La Vienne a Nouatre";19920;463888;2229317;40;1957;2008;47.04972548;0.54489344;-9999;-9999;-9999;9;-9999;-9999;-9999;-9999;"La Vienne à Nouâtre"
"M0243010";"LOrne Saosnoise à Montbizot [Moulin Neuf Cidrerie]";510;441415;2353322;50;1967;2010;48.15966278;0.20494302;9;453427.15625;2366063;9;535.99988;46.59181;801.51495;105.98881;"L'Orne Saosnoise à Montbizot "
"M1213010";"La Braye à Valennes [la Caboche]";270;486825;2336100;101;1968;2010;48.01431991;0.81959427;9;486942.03125;2344826;9;276;47.52431;797.23187;174.64131;"La Braye à Valennes "
"M1354020";"LEscotais à Saint-Paterne-Racan";67;460299;2290931;65;1968;2010;47.60306111;0.47849277;9;464085.71875;2284828.25;9;69.99999;45.009;511.08572;113.58572;"L'Escotais à Saint-Paterne-Racan"
"M3323010";"LErnée à Andouillé [les Vaugeois]";375;368397;2356631;63;1968;2010;48.16748937;-0.77740279;12;358446.25;2369883.5;12;372.99982;46.17466;1267.55762;157.0992;"L'Ernée à Andouillé "
"M3423010";"La Jouanne à Forcé";410;373173;2341528;47;1968;2010;48.03346702;-0.70539732;12;388307.8125;2356020.25;12;410.99985;46.01504;1027.74451;120.46472;"La Jouanne à Forcé"
"M5102010";"Le Layon à Saint-Georges-sur-Layon";250;394615;2247235;44;1967;2010;47.19299691;-0.37447838;12;390384.34375;2237805.5;12;242.00003;46.19979;580.35126;97.88843;"Le Layon à Saint-Georges-sur-Layon"
"M5222010";"Le Layon à Saint-Lambert-du-Lattay [Pont de Bézigon]";920;375608;2261625;15;1967;2010;47.31618005;-0.6323086;12;383505.4375;2246249.5;12;916.99951;46.75022;739.51581;93.19193;"Le Layon à Saint-Lambert-du-Lattay "
"M6013010";"LEvre à la Chapelle-Saint-Florent [Pont Dalaine]";460;343871;2262224;11;1967;2010;47.31001869;-1.05206071;12;352570.71875;2247100.5;12;466.00018;54.46826;956.07941;103.3133;"L'Evre à la Chapelle-Saint-Florent "
"M6323010";"LErdre à Candé [La Grée]";169;345293;2289926;34;1968;2010;47.5595167;-1.04905112;12;351367.9375;2288896.25;12;105.99997;45.60472;759.99054;59.5283;"L'Erdre à Candé "
"M6333020";"L'Erdre a Nort-sur-Erdre [Moulin de Vaux]";472;312298;2280796;4;1967;2008;47.46388378;-1.48107964;-9999;-9999;-9999;12;-9999;-9999;-9999;-9999;"L'Erdre à Nort-sur-Erdre "
"M7112410";"La Sèvre Nantaise à Tiffauges [la Moulinette]";814;337639;2230023;43;1967;2010;47.01818141;-1.11570122;12;364587.90625;2207691.25;12;807.00037;55.75631;1096.86621;172.48203;"La Sèvre Nantaise à Tiffauges "
"M8205020";"LOgnon aux Sorinières [Villeneuve]";147;306570;2242980;0;1964;2010;47.12160177;-1.53227997;12;311940.78125;2231085.25;12;151.99992;50.29895;926.0658;37.48684;"L'Ognon aux Sorinières "
"N3024010";"Le Louing a Chantonnay [St-Philbert du Pont Charrault]";120;346980;2190840;43;1967;2008;46.66961354;-0.97124834;-9999;-9999;-9999;12;-9999;-9999;-9999;-9999;"Le Louing à Chantonnay "
"O0015310";"Le Maudan à Fos";38;469828;1764001;555;1961;2010;42.8672893;0.74696257;1;473370.96875;1764016.125;1;30.99999;86.9958;1362.1936;1392.03223;"Le Maudan à Fos"
"O0384010";"LArac à Soulan [Freychet]";169;509579;1766866;480;1962;2010;42.89914218;1.23181839;1;519132.46875;1764560.25;1;166.00005;81.4647;1375.87354;1086.5542;"L'Arac à Soulan "
"O0554010";"LArbas à Castelbiague [Pont de Prades]";98;485062;1783633;332;1968;2010;43.04621949;0.92865691;1;482430;1779800.125;1;99.99996;71.7645;1165.12;618.56;"L'Arbas à Castelbiague "
"O0624010";"Le Volp à Montberaud [Ste-Croix-Volvestre]";91;502630;1794306;274;1968;2010;43.14470739;1.14182994;1;507000;1786332.75;1;90.00005;68.55178;1407.6333;477.70001;"Le Volp à Montberaud "
"O1076010";"LE QUIOULES à CHATEAU-VERDUN [RIETE 2]";52.8;543275;1745824;1110;1960;2008;42.71362313;1.64574888;1;541330.1875;1740198;1;53.00001;88.85725;802.13208;2090.3584;"Le Quioulès à Château-Verdun "
"O1464010";"Le Blau a Chalabre";67;573783;1775037;375;1961;2008;42.97777225;2.01583304;-9999;-9999;-9999;6;-9999;-9999;-9999;-9999;"Le Blau à Chalabre"
"O1584610";"Le Douctouyre à Vira [Engraviès]";131;553958;1782472;301;1968;2010;43.04355872;1.77264238;1;555100;1773396.625;1;145.00006;72.47007;1125.37244;623.82758;"Le Douctouyre à Dun "
"O2725010";"La Lauze à Sémézies-Cachan [Faget-Abbatial]";36;469855;1834191;187;1965;2006;43.49780024;0.72976526;14;466094.59375;1827121.75;11;37;58.77406;1093.43237;264.24326;"La Lauze à Sémézies-Cachan "
"O3006710";"La Goudech à Saint-Maurice-de-Ventalon [La Cépède]";10;715880;1927760;1008;1949;2010;44.34132667;3.7886332;8;715700;1926600;8;10;208.886;1732.5;1133.09998;"La Goudech à Saint-Maurice-de-Ventalon "
"O3011010";"LE TARN AU PONT-DE-MONTVERT [FONTCHALETTES]";67;713110;1929950;905;1948;2010;44.36147112;3.75442524;8;715977.625;1930962.625;8;67.00002;201.87671;1418.76123;1289.0448;"Le Tarn au Pont-de-Montvert "
"O3031010";"Le Tarn à Bédouès [Cocures]";189;702293;1928006;565;1961;2010;44.34566226;3.61845952;8;710965.625;1931574.75;8;173.99998;174.14667;1243.79883;1203.29309;"Le Tarn à Bédouès "
"O3035210";"Le Briançon aux Bondons [Cocures]";25;701830;1929120;591;1949;2010;44.35574611;3.61288496;8;701083.3125;1932083.375;8;24.00001;120.48417;1377.25;953.375;"Le Briançon aux Bondons "
"O3121010";"Le Tarn à Montbrun [Pont de Montbrun]";621;692591;1926545;480;1961;2009;44.33388064;3.49662631;8;703303.75;1924862.625;8;631.99963;153.07689;1122.46521;1014.96838;"Le Tarn à Montbrun "
"O3364010";"La Dourbie à Nant [Pont de Gardies]";300;676468;1897287;433;1962;2009;44.07277734;3.2902005;19;679117.8125;1889690;8;326.99991;137.54614;879.84406;845.95105;"La Dourbie à Nant "
"O3454310";"La Muze à Montjaux [St-Hippolyte]";112;646915;1897988;330;1968;2010;44.08167847;2.92172723;3;648203.375;1908067.75;3;118.00007;87.17365;985.67798;789.7627;"La Muze à Montjaux "
"O4102510";"L'AGOUT à FRAISSE-SUR-AGOUT";48;638444;1846445;792;1951;2009;43.61885697;2.81218802;8;642280;1847140;8;50;182.9626;1479.18005;995.09998;"L'Agout à Fraisse-sur-Agout"
"O4704030";"Le Dadou a Paulinet [St-Jean-de-Jeanne]";72;608382;1868950;413;1968;2008;43.82214053;2.44063835;-9999;-9999;-9999;3;-9999;-9999;-9999;-9999;"Le Dadou à Paulinet "
"O5042510";"LAveyron à Palmas [Pont de Manson]";270;640615;1933243;580;1968;2010;44.39906887;2.84599748;19;655131;1926197.25;8;271.00003;83.23937;510;798.78967;"L'Aveyron à Palmas "
"O5055010";"Le Serre a Coussergues [Resuenhe]";110;642715;1935107;580;1967;2008;44.41570528;2.87249626;-9999;-9999;-9999;3;-9999;-9999;-9999;-9999;"Le Serre à Coussergues "
"O5224010";"LAlzou à Villefranche-de-Rouergue [Barrage Cabal]";199;577091;1928453;405;1942;2010;44.35679769;2.04943182;3;587246.3125;1935032;3;201.00005;62.93537;1080.64673;478.07462;"L'Alzou à Villefranche-de-Rouergue "
"O5284310";"La Serene a Saint-Andre-de-Najac [Canabral]";103;576566;1912000;305;1968;2008;44.20883627;2.04362201;-9999;-9999;-9999;3;-9999;-9999;-9999;-9999;"La Serène à Saint-André-de-Najac "
"O5312910";"Le Viaur à Arques";138;637142;1923154;732;1953;2004;44.30854029;2.80168879;3;642637.75;1920354.75;3;138.00008;82.93036;864.52899;886.3551;"Le Viaur à Arques"
"O5344010";"LE VIOULOU à SALLES-CURAN [TREBONS-BAS]";57;638138;1912229;806;1960;2009;44.21025243;2.81333252;3;641800;1911266.625;3;60.00003;85.19767;913.98334;929.81665;"Le Vioulou à Salles-Curan "
"O5464310";"Le Giffou à Saint-Just-sur-Viaur [La Fabrèguerie]";175;607872;1900836;360;1968;2010;44.10880788;2.4347979;3;616821.8125;1898707;3;173.99998;70.53288;1257.47131;601.25861;"Le Giffou à Saint-Just-sur-Viaur "
"O6804630";"LOsse à Castex [Mielan]";10.2;436738;1823996;238;1965;2006;43.39935033;0.32427711;14;436500;1822000;11;8;57.75;953.375;288.375;"L'Osse à Castex "
"O7041510";"Le Lot à Balsièges [Bramonas]";465;686700;1943100;663;1966;2009;44.4834955;3.4257006;19;699188.9375;1945757.625;8;466.00018;93.64317;1001.38409;1110.49353;"Le Lot à Balsièges "
"O7354010";"LA LANDER à SAINT-GEORGES";310;662432;2001559;749;1956;2009;45.01185201;3.12825735;3;656496.8125;2006264.75;3;301.99994;68.20377;904.4801;975.07947;"La Lander à Saint-Georges"
"O7444010";"LE BES à SAINT-JUERY";283;659260;1980900;917;1956;2009;44.82631849;3.08554144;3;656265.9375;1964897.125;3;282.00003;89.02819;1055.82983;1204.36523;"Le Bès à Saint-Juéry"
"O8113510";"Le Célé à Figeac [Merlançon]";676;572041;1954232;182;1950;2004;44.58843879;1.98468901;3;585675.625;1969959;3;705.99994;73.18612;1172.31592;475.59491;"Le Célé à Figeac "
"P0115010";"La Burande [ou ru de Burons] à la Tour-dAuvergne";19.8;628113;2058757;905;1944;2010;45.5286377;2.6963814;3;631500;2059441.125;3;17;73.65353;928.47058;1199.23535;"La Burande à la Tour-d'Auvergne"
"P0115020";"La Burande [ou ru de Burons] à Singles";85;616100;2060400;557;1960;2009;45.54380681;2.54267711;3;625697.6875;2059127.5;3;85.99998;68.62756;1013.11627;979.7442;"La Burande "
"P0364010";"La Santoire à Condat [Roche-Pointue]";172;632571;2037176;693;1916;2009;45.3342968;2.75198288;3;635326.625;2023633;3;173.00011;79.14925;1238.32373;1142.05786;"La Santoire à Condat "
"P0885010";"Le Mars à Bassignac [Pont de Vendes]";117;604018;2032932;366;1923;2010;45.29687866;2.38776553;3;614915.4375;2021161.75;3;130.00009;84.687;1201.39233;978.85382;"Le Mars à Bassignac "
"P1422510";"La Maronne à Sainte-Eulalie";112;603787;2013144;595;1934;2010;45.11887493;2.38466892;3;613276.8125;2013517.75;3;112.00004;86.14777;966.03571;974.76788;"La Maronne à Sainte-Eulalie"
"P1502510";"LA MARONNE à PLEAUX [ENCHANET]";513;588829;2009197;370;1961;2008;45.0832891;2.1947156;3;602580.6875;2008419.125;3;520.00012;77.01146;1115.95386;747.71344;"La Maronne à Pleaux "
"P2484010";"Le Céou à Saint-Cybranet";603;507732;1977200;74;1968;2010;44.78941511;1.17113212;11;520882.0625;1965945.625;11;547.00018;69.48671;450.55576;261.93054;"Le Céou à Saint-Cybranet"
"P3021010";"LA VEZERE à BUGEAT";143;567826;2067161;675;1951;2009;45.60405854;1.92417444;21;574750;2066874.625;13;143.99994;73.56743;1338.60413;836.27777;"La Vézère à Bugeat"
"P3234010";"La Loyre à Voutezac";103;527723;2034382;145;1968;2010;45.30611749;1.41513717;21;528846.9375;2042234.625;13;98.00006;75.72826;960.78571;356.78571;"La Loyre à Voutezac "
"P3264310";"Le Roseix à Vars-sur-Roseix";58;524962;2029522;115;1968;2010;45.26210417;1.38069626;21;518940.6875;2034567.625;13;59.00003;65.28949;1039.74573;239.06779;"Le Roseix à Vars-sur-Roseix"
"P4271010";"La Vezere a Campagne";3736;491210;1990201;51;1967;2008;44.90393229;0.95960626;-9999;-9999;-9999;11;-9999;-9999;-9999;-9999;"La Vézère à Campagne"
"P5715010";"LEngranne à Baigneaux";30;400832;1972527;33;1966;2010;44.72488969;-0.17654747;14;399630.4375;1969195.625;11;22.99999;64.45261;834.86957;71.56522;"L'Engranne à Baigneaux"
"P8012510";"La Dronne à Saint-Pardoux-la-Rivière [Le Manet]";140;476000;2058526;150;1966;2010;45.51586532;0.74967791;21;488226.65625;2067090;13;139.00002;67.71346;907.48199;354.259;"La Dronne à Champs-Romain "
"Q0214010";"LÉchez à Louey";89.6;411498;1799772;333;1968;2010;43.17552269;0.02214005;14;411347.0625;1791405.75;11;84.99996;75.58376;1451.07056;575.30591;"L'Échez à Louey"
"Q0522520";"LArros à Gourgue";173;430674;1794338;292;1968;2010;43.13153393;0.25923129;1;430668.53125;1786297.75;1;178.00011;76.67365;1289.61792;644.25842;"L'Arros à Gourgue"
"Q5501010";"LE GAVE DE PAU à BERENX [PONT DE BERENX]";2575;341740;1839321;38;1923;2010;43.508747;-0.85324282;1;387821.1875;1791019.5;1;2586.99951;73.20486;1343.09509;929.58484;"Le Gave de Pau à Bérenx "
"Q6142910";"Le Gave dOssau à Oloron-Sainte-Marie [Oloron-Ste-Croix]";488;361173;1802909;215;1912;2010;43.1885972;-0.59667631;1;373713.96875;1779026.375;1;504.99973;90.91974;1096.10693;1314.15649;"Le Gave d'Ossau à Oloron-Sainte-Marie "
"Q7002910";"Le Gave dOloron à Oloron-Sainte-Marie [Oloron-SNCF]";1085;360293;1804085;204;1912;2010;43.19886035;-0.60801527;1;365899.875;1778849.375;1;1132.99939;87.4045;1073.69897;1248.74048;"Le Gave d'Oloron à Oloron-Sainte-Marie "
"Q7322510";"Le Saison à Mauléon-Licharre";480;338837;1810273;129;1967;2010;43.24686872;-0.87440672;1;334681.28125;1791011.125;1;490.99997;80.81748;1283.13647;716.0611;"Le Saison à Mauléon-Licharre "
"Q9164610";"LA NIVE DES ALDUDES à SAINT-ÉTIENNE-DE-BAIGORRY";156;300932;1804972;144;1920;2010;43.18437142;-1.33676564;1;294359.875;1794608.125;1;157;94.60991;668.85986;686.24207;"La Nive des Aldudes à Saint-Étienne-de-Baïgorry"
"S2235610";"Le Bouron a Belin-Beliet [Moulin du Moine]";36;352354;1945375;23;1967;2008;44.46525637;-0.77411011;-9999;-9999;-9999;11;-9999;-9999;-9999;-9999;"Le Bouron à Belin-Béliet "
"S2242510";"LEyre à Salles";1650;344977;1954894;14;1967;2010;44.54812561;-0.87154963;13;358899.40625;1927493.375;11;1666.99988;66.89982;1210.71741;75.57349;"L'Eyre à Salles"
"U0415010";"Le Breuchin à la Proiselière-et-Langle";123;911688;2322469;343;1967;2010;47.82731563;6.50110941;4;919163.875;2327008;4;121.99998;72.02074;1110.21313;574.36066;"Le Breuchin à la Proiselière-et-Langle"
"U0474010";"La Lanterne à Fleurey-lès-Faverney";1020;880330;2312100;211;1964;2010;47.74835054;6.07620498;10;902807.5;2326448.75;10;1021;62.73454;1080.3595;395.67972;"La Lanterne à Fleurey-lès-Faverney"
"U1004010";"LOgnon à Servance [Fourguenons]";73.5;924288;2320413;380;1968;2010;47.80273169;6.66761716;4;928226;2322801.25;4;73.00005;90.11028;1297.21924;696.94519;"L'Ognon à Servance "
"U1054010";"LOgnon à Beaumotte-Aubertans";1250;889978;2275556;229;1967;2010;47.41585576;6.18088801;10;909890.8125;2296539;10;1327.99976;61.97952;891.64081;381.69653;"L'Ognon à Beaumotte-Aubertans"
"U1084010";"L'Ognon a Pesmes";2038;842600;2259780;185;1963;2008;47.29319953;5.54501357;-9999;-9999;-9999;10;-9999;-9999;-9999;-9999;"L'Ognon à Pesmes"
"U1224010";"La Tille a Arceau [Arcelot]";700;815388;2267613;223;1966;2008;47.37304117;5.18921606;-9999;-9999;-9999;10;-9999;-9999;-9999;-9999;"La Tille à Arceau "
"U1224020";"La Tille a Cessey-sur-Tille";744;817903;2257400;201;1962;2008;47.28040834;5.21754141;-9999;-9999;-9999;10;-9999;-9999;-9999;-9999;"La Tille à Cessey-sur-Tille"
"U1235020";"La Norges à Genlis";264;818337;2252688;196;1963;2010;47.23790686;5.22098967;15;809507.375;2268314.75;10;264.00003;60.05034;874.0379;267.2803;"La Norges à Genlis"
"U1324010";"LOuche à Plombières-lès-Dijon";655;799810;2262580;243;1964;2010;47.33269362;4.98081498;10;782290.375;2250670.75;10;649.00012;60.41627;530.9245;451.81049;"L'Ouche à Plombières-lès-Dijon"
"U2356610";"Le Rupt à Dung";42.2;932546;2287200;322;1968;2010;47.50034009;6.75278479;10;929476.75;2290825.75;10;42.99999;60.32465;442.11627;383.32559;"Le Rupt à Dung"
"U2615830";"Le Lison a Myon";217;875104;2232091;317;1967;2008;47.0316532;5.95746302;-9999;-9999;-9999;5;-9999;-9999;-9999;-9999;"Le Lison à Myon"
"U2634010";"La Loue à Champagne-sur-Loue";1380;864228;2232923;237;1963;2010;47.04354668;5.81498734;5;884983.6875;2232211.5;5;1325.00037;68.57671;337.79547;597.93359;"La Loue à Champagne-sur-Loue"
"U2722010";"Le Doubs a Neublans-Abergement";7290;829497;2218021;181;1966;2008;46.92249769;5.35073249;-9999;-9999;-9999;5;-9999;-9999;-9999;-9999;"Le Doubs à Neublans-Abergement"
"U3214010";"La Grosne à Jalogny [Cluny]";332;777773;2158620;244;1968;2010;46.40414807;4.64890631;3;770235;2147909.5;3;331.99994;61.25093;585;477.02109;"La Grosne à Jalogny "
"U4014010";"La Reyssouze a Montagnat";84.4;828000;2134440;237;1966;2008;46.17159095;5.28987121;-9999;-9999;-9999;5;-9999;-9999;-9999;-9999;"La Reyssouze à Montagnat"
"U4204010";"La Veyle à Lent";34;821172;2128399;251;1968;2010;46.11954897;5.19865865;15;823000;2120416.5;5;36;80.98361;1053.94446;294.58334;"La Veyle à Lent"
"U4235010";"Le Renon à Neuville-les-Dames";102;805475;2131990;218;1969;2010;46.15679667;4.99726173;15;813313.75;2118156.75;5;102;76.29588;874.73529;278.70587;"Le Renon à Neuville-les-Dames"
"U4624010";"LAzergues à Châtillon";336;779068;2099730;206;1970;2010;45.87420453;4.64327332;3;767115.5625;2114656.25;3;346.00003;67.32685;1000.3266;530.20807;"L'Azergues à Châtillon"
"U4635010";"La Brévenne à Sain-Bel";219;775900;2092570;236;1969;2010;45.81064294;4.59983196;3;768036.3125;2084070;3;207.00002;66.48628;1018.93237;552.76813;"La Brévenne à Sain-Bel"
"U4644010";"LAzergues à Lozanne";792;782561;2098097;194;1965;2010;45.85858842;4.68761421;3;767914.5625;2101385.25;3;837;68.16341;955.15771;518.59021;"L'Azergues à Lozanne"
"V0222010";"L'ARVE à ARTHAZ-PONT-NOTRE-DAME";1664;903809;2135428;410;1961;2009;46.15060129;6.27104587;5;933892.1875;2120230;5;1654.00037;80.5826;1088.88147;1525.89355;"L'Arve à Arthaz-Pont-Notre-Dame"
"V1015010";"La Valserine à Lélex [Niaizet]";85;876217;2148835;846;1966;2010;46.28295524;5.92214601;5;880970.5625;2156429.25;5;84.99996;101.31718;312.15295;1260.02356;"La Valserine à Lélex "
"V1015030";"La Valserine à Chézery-Forens [Chézery]";119;872108;2141627;572;1960;2010;46.21984344;5.86468233;5;878756.125;2152723.25;5;121.00008;102.3657;561.39667;1210.32227;"La Valserine à Chézery-Forens "
"V1255010";"Le Chéran à Allèves [La Charniaz]";249;893163;2087060;575;1950;2010;45.72065287;6.10339879;5;895575.375;2081099;5;251.99997;83.3017;962.84125;1168.51196;"Le Chéran à Allèves "
"V1264010";"LE FIER à VALLIERES";1350;878026;2106486;253;1948;2008;45.90159776;5.92055097;5;897357.8125;2099842;5;1343.99915;78.43723;1216.35864;938.84149;"Le Fier à Vallières"
"V1774010";"La Bourbre à Tignieu-Jameyzieu";703;819733;2083381;202;1909;2010;45.71526176;5.15914639;5;833764.4375;2069373.5;5;710.99957;78.35505;792.04498;378.11673;"La Bourbre à Tignieu-Jameyzieu"
"V2202010";"L'Ain a Marigny [Chalain]";650;862295;2193035;456;1962;2006;46.68580841;5.76667556;-9999;-9999;-9999;5;-9999;-9999;-9999;-9999;"L'Ain à Marigny "
"V2206010";"Le Hérisson à Doucier";49;863138;2188878;495;1957;2010;46.64811354;5.77530933;5;869083.3125;2186333.75;5;48;91.08437;401.4375;745.3125;"Le Hérisson à Doucier"
"V2322010";"L'AIN à CERNON [VOUGLANS]";1120;855930;2160689;329;1933;2008;46.39752674;5.66563692;5;872218.125;2190954.75;5;1214.99963;84.86533;486.82306;744.01892;"L'Ain à Cernon "
"V2414010";"La Bienne à Saint-Claude [Chenavier]";216;871370;2163479;423;1957;2009;46.41654501;5.86784497;5;882027.5625;2174474.5;5;271.00003;92.16469;311.59409;1048.44275;"La Bienne à Saint-Claude "
"V4145210";"La Glueyre à Gluiras [Tisoneche]";71;772593;1983373;411;1953;2010;44.82956264;4.51832425;8;765985.6875;1981785.625;8;69.99999;166.14743;1349.08569;818.65717;"La Glueyre à Gluiras "
"V4225010";"Le Bez à Châtillon-en-Diois";227;850100;1970791;558;1963;2010;44.69280794;5.49083022;7;855784.4375;1972109;7;225.00014;87.90982;942.74225;1281.84448;"Le Bez "
"V4275010";"La Gervanne à Beaufort-sur-Gervanne";108;822431;1978970;325;1966;2010;44.77575397;5.14586725;5;825577.625;1985257.375;5;102.99999;85.52048;1029.27185;798.03882;"La Gervanne à Beaufort-sur-Gervanne"
"V4414010";"Le Roubion à Soyans";186;812668;1961875;264;1965;2010;44.62516108;5.01530428;7;823745.9375;1958286.875;7;182.99997;97.73158;1305.79785;715.34973;"Le Roubion à Soyans"
"V4455010";"Le Jabron à Souspierre";85;809220;1951265;245;1965;2010;44.53084263;4.9674358;7;814625;1951374.75;7;80.00004;102.07313;1797.57495;517.21252;"Le Jabron à Souspierre"
"V7115010";"Le Gardon de Ste-Croix à Gabriac [Pont Ravagers]";47;710380;1910970;380;1955;2010;44.19126764;3.7160378;8;705802.3125;1914104.5;8;42.99999;176.43372;1376.46509;762.34882;"Le Gardon de Sainte-Croix à Gabriac "
"V7135010";"Le Gardon de St-Jean à Corbès [Roc Courbe]";263;730249;1898308;136;1967;2010;44.07402985;3.96101625;8;715787.75;1901143.875;8;264.00003;189.11568;1537.51135;526.38635;"Le Gardon de Saint-Jean à Corbès "
"X0310010";"LA DURANCE à EMBRUN [LA CLAPIERE]";2170;929808;1958813;787;1960;2009;44.55190508;6.48649854;2;940877.6875;1985902.625;2;2179.99951;71.24034;1263.84448;2105.68994;"La Durance à Embrun "
"X0434010";"L'UBAYE à BARCELONNETTE [ABATTOIR]";549;943997;1940897;1132;1904;2010;44.38415454;6.65232094;2;954434.1875;1950960.875;2;548.99969;68.51754;1224.94348;2196.45361;"L'Ubaye à Barcelonnette "
"X0454010";"L'UBAYE AU LAUZET-UBAYE [ROCHE ROUSSE]";946;923598;1947143;790;1960;2009;44.45001597;6.40091426;2;947123;1945843.125;2;944.99994;72.9324;1421.44653;2067.66138;"L'Ubaye au Lauzet-Ubaye "
"X0500010";"LA DURANCE à ESPINASSES [SERRE-PONCON]";3580;913894;1948917;652;1948;2008;44.47039163;6.28035752;2;940442.875;1971424.625;2;3589.99951;71.48083;1321.27527;2022.94348;"La Durance à Espinasses "
"X1225010";"Le Bes à la Javie [Esclangon-Péroure]";165;914929;1920792;805;1963;2010;44.21733504;6.27564786;7;917446.0625;1927512.125;7;167;79.92659;1862.21558;1441.4491;"Le Bes à la Javie "
"X2202010";"LE VERDON à DEMANDOLX [CASTILLON]";655;938004;1884354;790;1948;2008;43.87943214;6.53938897;2;939370.5;1909476.875;2;656.99982;88.41628;1536.39722;1647.12024;"Le Verdon à Demandolx "
"Y0655010";"Le Verdouble à Tautavel";305;633364;1756427;91;1967;2010;42.81031969;2.74358294;6;625411.5625;1765444.625;6;305.00009;133.07527;1605.59021;399.61966;"Le Verdouble à Tautavel"
"Y1012010";"L'Aude a Puyvalador";134;582695;1757104;1391;1947;2006;42.81696387;2.12545497;-9999;-9999;-9999;1;-9999;-9999;-9999;-9999;"L'Aude à Puyvalador"
"Y1105010";"Le Rebenty à Saint-Martin-Lys";136;591106;1756903;373;1934;2010;42.81531275;2.22807429;1;576534.375;1755610.5;1;145.00006;81.73959;693.48969;1056.99316;"Le Rebenty à Saint-Martin-Lys"
"Y1232010";"L'Aude a Carcassonne [Pont Neuf]";1770;601959;1801301;96;1968;2009;43.21420899;2.3606411;-9999;-9999;-9999;6;-9999;-9999;-9999;-9999;"L'Aude à Carcassonne "
"Y2015010";"LArre au Vigan [La Terrisse]";159;706128;1889650;187;1953;2010;44.00026508;3.65843021;8;697577.3125;1888077.375;8;167.99997;200.63452;1409.58923;686.09521;"L'Arre au Vigan "
"Y2035010";"La Vis a Saint-Laurent-le-Minier";332;708111;1882957;149;1960;2008;43.93979973;3.68169855;-9999;-9999;-9999;8;-9999;-9999;-9999;-9999;"La Vis à Saint-Laurent-le-Minier"
"Y2214010";"La Lergue à Lodève";228;679638;1858999;153;1959;2009;43.72825007;3.32373658;19;681191.5625;1868771;8;213.99997;179.94888;488.98132;626.94861;"La Lergue à Lodève"
"Y4002010";"LArc à Pourrières";49;874570;1837602;246;1963;2010;43.48721564;5.72668046;6;877202.125;1839031.875;6;46.99997;83.11149;1471.9574;394.02127;"L'Arc à Pourrières"
"Y4615020";"Le Réal Martin à la Crau [Decapris]";277;907341;1805595;29;1965;2010;43.18648442;6.11174782;6;913774.125;1813695.75;6;278.00003;118.98997;2102.36694;260.02847;"Le Réal Martin à la Crau "
"Y6432010";"Le Var a Malaussene [La Mescla]";1830;990538;1890624;170;1947;2007;43.90849813;7.19587256;-9999;-9999;-9999;7;-9999;-9999;-9999;-9999;"Le Var à Malaussène "
"Y8814010";"Le Rizzanese à Zoza";130;1162140;1659630;300;1968;2009;41.72579185;9.07606221;-9999;-9999;-9999;6;-9999;-9999;-9999;-9999;"Le Rizzanese à Zoza"
"Y9315010";"Le Fium-Alto a Taglio-Isolaccio [Acitaja]";114;1187690;1742380;35;1960;2009;42.44532743;9.47055257;-9999;-9999;-9999;6;-9999;-9999;-9999;-9999;"Le Fium-Alto à Taglio-Isolaccio "
