"time"	"median"	"lower"	"upper"	"component"
1705	0.594669	-0.7573874	1.6376605	"HCI1"
1706	1.44667	0.45607285	2.260915	"HCI1"
1707	0.8048585	-0.3094192	1.654879	"HCI1"
1708	1.34909	0.3803168	2.135428	"HCI1"
1709	-0.07745705	-1.4219205	1.006853	"HCI1"
1710	2.51324	1.9736625	3.006669	"HCI1"
1711	-0.1902835	-1.7131685	0.895334299999999	"HCI1"
1712	-0.1859175	-1.3566035	0.956323799999999	"HCI1"
1713	-0.1688765	-1.282722	0.95674675	"HCI1"
1714	-0.1933275	-1.913102	0.8565698	"HCI1"
1715	-0.1685	-1.2353105	0.98117325	"HCI1"
1716	-0.1463755	-1.4333025	1.0014107	"HCI1"
1717	-0.177576	-1.3909655	0.83595455	"HCI1"
1718	-0.14193	-1.2833125	0.9259519	"HCI1"
1719	-0.1507225	-1.3366755	0.9526605	"HCI1"
1720	-0.272265	-1.660365	0.83778225	"HCI1"
1721	-0.230464	-1.744656	0.86261205	"HCI1"
1722	-0.277976	-2.6511505	0.888684	"HCI1"
1723	-0.2492545	-1.7914575	0.91945335	"HCI1"
1724	-0.1730145	-1.423042	0.90355715	"HCI1"
1725	-0.19728	-1.399875	0.8444502	"HCI1"
1726	-0.2409455	-1.34628	0.95871685	"HCI1"
1727	-0.206217	-1.516558	0.952739649999999	"HCI1"
1728	-0.1431435	-1.449379	0.9509782	"HCI1"
1729	-0.259598	-1.5852545	0.960287899999999	"HCI1"
1730	-0.290074	-1.8763035	0.9130423	"HCI1"
1731	-0.2265025	-1.500109	0.83128805	"HCI1"
1732	1.119985	0.25209355	1.7260945	"HCI1"
1733	-0.198316	-1.610101	0.9005847	"HCI1"
1734	0.5934705	-0.43195225	1.460385	"HCI1"
1735	-0.1445165	-1.357287	1.006638	"HCI1"
1736	-0.141412	-1.527315	0.93887505	"HCI1"
1737	-0.173241	-1.6632145	1.0116365	"HCI1"
1738	-0.1775135	-1.392386	0.9756958	"HCI1"
1739	-0.186667	-1.4715935	0.9182385	"HCI1"
1740	1.2751	0.5280049	1.900761	"HCI1"
1741	-0.144968	-1.5185645	0.942956349999999	"HCI1"
1742	-0.237068	-1.4763335	0.88378125	"HCI1"
1743	1.06413	0.1823351	1.6866875	"HCI1"
1744	-0.255966	-1.6974095	0.8030415	"HCI1"
1745	-0.235361	-2.115685	0.90015755	"HCI1"
1746	0.51192	-0.6740422	1.3699485	"HCI1"
1747	-0.1578575	-1.364926	0.911845	"HCI1"
1748	0.5968895	-0.4875108	1.4414715	"HCI1"
1749	-0.2789955	-1.700972	0.856533549999999	"HCI1"
1750	-0.27357	-2.2862985	0.91695205	"HCI1"
1751	-0.319611	-1.754752	0.912731899999999	"HCI1"
1752	-0.2449645	-1.488085	0.86763165	"HCI1"
1753	-0.2220225	-1.8457255	0.95242785	"HCI1"
1754	-0.3062985	-2.060927	0.883268599999999	"HCI1"
1755	0.5216085	-0.5098671	1.294862	"HCI1"
1756	0.5787765	-0.47188555	1.39426	"HCI1"
1757	-0.1690535	-1.3760925	0.9437223	"HCI1"
1758	-0.249831	-1.599737	0.7576706	"HCI1"
1759	-0.195434	-1.5746005	0.83372145	"HCI1"
1760	-0.213539	-1.5118565	0.827085	"HCI1"
1761	-0.267811	-1.5854245	0.8563037	"HCI1"
1762	-0.242559	-1.561777	0.8657784	"HCI1"
1763	-0.2861975	-1.467539	0.87327185	"HCI1"
1764	-0.274788	-1.6361975	0.8505748	"HCI1"
1765	-0.2840505	-1.723052	0.80927505	"HCI1"
1766	-0.256635	-1.553708	0.86225245	"HCI1"
1767	0.5530875	-0.47491215	1.235392	"HCI1"
1768	-0.2748365	-1.4641825	0.77546465	"HCI1"
1769	1.033885	0.21746895	1.654318	"HCI1"
1770	0.787666	-0.070895675	1.4864255	"HCI1"
1771	-0.409621	-1.8304465	0.7348355	"HCI1"
1772	-0.313942	-1.726014	0.70097165	"HCI1"
1773	-0.3042375	-1.8822525	0.7990747	"HCI1"
1774	-0.31774	-1.431235	0.7066479	"HCI1"
1775	-0.288976	-1.621893	0.768594749999999	"HCI1"
1776	-0.3111105	-1.59141	0.7050155	"HCI1"
1777	-0.3694255	-1.56606	0.7233115	"HCI1"
1778	0.28736	-0.82276545	1.058444	"HCI1"
1779	-0.3109595	-1.6967445	0.80556505	"HCI1"
1780	-0.344184	-1.7298985	0.7847799	"HCI1"
1781	-0.375924	-1.6256655	0.7413969	"HCI1"
1782	1.794295	1.377464	2.201033	"HCI1"
1783	0.35295	-0.67500475	1.1605695	"HCI1"
1784	-0.403562	-1.6662065	0.65249285	"HCI1"
1785	-0.431078	-1.636443	0.55797055	"HCI1"
1786	0.269096	-0.8045594	1.003793	"HCI1"
1787	-0.4524285	-1.6996085	0.5860716	"HCI1"
1788	1.125965	0.52885025	1.594417	"HCI1"
1789	0.8616765	0.27107685	1.3759055	"HCI1"
1790	1.82496	1.523137	2.1200165	"HCI1"
1791	0.9135775	0.3748848	1.3440415	"HCI1"
1792	0.06039765	-0.841781	0.76373265	"HCI1"
1793	-0.6212295	-1.816396	0.3583352	"HCI1"
1794	-0.558483	-1.8556385	0.3696856	"HCI1"
1795	-0.609816	-1.831871	0.328605499999999	"HCI1"
1796	-0.668581	-2.084192	0.37581485	"HCI1"
1797	-0.5415385	-1.7013685	0.3890537	"HCI1"
1798	0.1019475	-0.772298	0.750190799999999	"HCI1"
1799	-0.5685125	-1.9321135	0.3607794	"HCI1"
1800	-0.606371	-1.8486875	0.3646676	"HCI1"
1801	0.425939	-0.27536755	0.97066045	"HCI1"
1802	0.08378975	-0.85055295	0.7630073	"HCI1"
1803	0.693349	0.10194315	1.1704965	"HCI1"
1804	-0.578293	-1.9022605	0.3637203	"HCI1"
1805	-0.6499685	-2.0273935	0.300078899999999	"HCI1"
1806	-0.626562	-1.8222	0.23817745	"HCI1"
1807	-0.6439415	-1.875845	0.3578469	"HCI1"
1808	-0.001966224	-0.91156855	0.69164305	"HCI1"
1809	-0.6601995	-2.024655	0.37713915	"HCI1"
1810	-0.5542515	-1.5753335	0.34760405	"HCI1"
1811	-0.574095	-1.6394765	0.28718055	"HCI1"
1812	0.01756775	-0.90957385	0.7046988	"HCI1"
1813	0.6602375	0.00348860400000001	1.1203055	"HCI1"
1814	-0.5224485	-1.545613	0.32919535	"HCI1"
1815	-0.112971	-1.006149	0.63510215	"HCI1"
1816	0.7987725	0.25304505	1.216012	"HCI1"
1817	0.5655575	-0.02806719	1.0290505	"HCI1"
1818	-0.6172705	-1.8550435	0.28846795	"HCI1"
1819	-0.389909	-1.5722005	0.4476499	"HCI1"
1820	-0.236166	-1.460049	0.5108078	"HCI1"
1821	-0.6646055	-1.986844	0.28600845	"HCI1"
1822	1.01279	0.6109971	1.4041975	"HCI1"
1823	-0.626128	-1.7525165	0.32507385	"HCI1"
1824	-0.771827	-2.6868165	0.2804366	"HCI1"
1825	2.03696	1.759339	2.2963755	"HCI1"
1826	0.01488195	-0.83078405	0.67207565	"HCI1"
1827	0.250187	-0.48493855	0.8127057	"HCI1"
1828	-0.669228	-1.9996975	0.21420685	"HCI1"
1829	-0.6768195	-2.0142565	0.193990899999999	"HCI1"
1830	-0.7036805	-1.8426505	0.30085915	"HCI1"
1831	-0.684623	-1.8901015	0.205551649999999	"HCI1"
1832	0.390107	-0.31473335	0.9106879	"HCI1"
1833	-0.529828	-1.7466505	0.310895349999999	"HCI1"
1834	0.953506	0.5455315	1.323994	"HCI1"
1835	0.7170275	0.24419645	1.1284195	"HCI1"
1836	-0.722735	-1.9062015	0.18206825	"HCI1"
1837	-0.715715	-1.728404	0.17660785	"HCI1"
1838	0.240759	-0.51969615	0.7669939	"HCI1"
1839	0.35891	-0.30576985	0.8214942	"HCI1"
1840	1.922885	1.701939	2.137152	"HCI1"
1841	-0.436055	-1.256844	0.27218795	"HCI1"
1842	1.38268	1.123855	1.6354895	"HCI1"
1843	1.235355	0.9613517	1.4865865	"HCI1"
1844	0.52773	0.08759545	0.8992853	"HCI1"
1845	-0.463468	-1.3263685	0.2043923	"HCI1"
1846	2.270895	2.0756375	2.474022	"HCI1"
1847	-0.576974	-1.5366855	0.18892995	"HCI1"
1848	-1.01829	-2.120167	-0.1407779	"HCI1"
1849	-0.06417	-0.6754711	0.4674939	"HCI1"
1850	-0.478114	-1.344606	0.15698435	"HCI1"
1851	-0.0639265	-0.68995435	0.4409068	"HCI1"
1852	-0.6358425	-1.6181685	0.08410957	"HCI1"
1853	-0.947207	-2.01561	-0.16284685	"HCI1"
1854	0.543307	0.11909875	0.8973558	"HCI1"
1855	3.050375	2.83058	3.2954315	"HCI1"
1856	-0.23575	-0.8785135	0.30308845	"HCI1"
1857	-1.07916	-2.077786	-0.2711652	"HCI1"
1858	-0.642824	-1.618537	0.0711197649999997	"HCI1"
1859	-0.09580195	-0.68984085	0.39238715	"HCI1"
1860	-0.556531	-1.43631	0.0648232899999997	"HCI1"
1861	-0.81214	-1.9945825	-0.0627013700000002	"HCI1"
1862	-1.06926	-2.2514695	-0.260666900000001	"HCI1"
1863	-1.23872	-2.44152	-0.2892677	"HCI1"
1864	-0.3394055	-1.026452	0.24332745	"HCI1"
1865	-0.3948935	-1.1817505	0.21041295	"HCI1"
1866	2.37176	2.1881905	2.5689585	"HCI1"
1867	-1.05362	-2.1875075	-0.22795075	"HCI1"
1868	0.6661275	0.2885238	0.9681061	"HCI1"
1869	-1.040145	-2.118463	-0.22417765	"HCI1"
1870	-0.5047465	-1.2991745	0.117379	"HCI1"
1871	0.4419455	-0.00414581749999999	0.80829245	"HCI1"
1872	1.32069	1.099031	1.5411945	"HCI1"
1873	-0.914957	-2.0756585	-0.1245467	"HCI1"
1874	0.7936775	0.4632421	1.0939365	"HCI1"
1875	0.923513	0.63076865	1.193327	"HCI1"
1876	-0.5948075	-1.46826	0.0764060349999999	"HCI1"
1877	-1.07835	-2.0473785	-0.2488715	"HCI1"
1878	0.5025325	0.1038976	0.83521965	"HCI1"
1879	-0.48422	-1.484829	0.10644815	"HCI1"
1880	-0.5731495	-1.400904	0.1198173	"HCI1"
1881	-0.540578	-1.318552	0.1402739	"HCI1"
1882	0.7395225	0.41720945	1.040267	"HCI1"
1883	-1.13364	-2.3600055	-0.1990659	"HCI1"
1884	-0.322816	-1.049504	0.2476429	"HCI1"
1885	-0.7469	-1.7701595	-0.0032659165000001	"HCI1"
1886	-0.2351205	-0.92408865	0.3060521	"HCI1"
1887	-1.10521	-2.390153	-0.25535575	"HCI1"
1888	-0.670561	-1.6207465	0.0364875999999999	"HCI1"
1889	-0.505939	-1.3671575	0.11835415	"HCI1"
1890	0.07345555	-0.5307822	0.52354135	"HCI1"
1891	0.02594605	-0.6543302	0.4720096	"HCI1"
1892	-0.4852075	-1.3575	0.1389581	"HCI1"
1893	0.753654	0.39521015	1.040797	"HCI1"
1894	0.13321	-0.39270005	0.5858524	"HCI1"
1895	0.6567825	0.3078202	0.9663822	"HCI1"
1896	1.767415	1.566809	1.9592125	"HCI1"
1897	-1.026455	-2.09597	-0.15096635	"HCI1"
1898	-0.639412	-1.5075475	0.069332615	"HCI1"
1899	-0.733824	-1.525683	-0.0532557100000001	"HCI1"
1900	0.31593	-0.14438615	0.7134705	"HCI1"
1901	-0.6039055	-1.604361	0.1012024	"HCI1"
1902	-1.21061	-2.2563635	-0.27400415	"HCI1"
1903	1.275495	1.0440465	1.5185065	"HCI1"
1904	-0.771268	-1.699999	-0.0477698200000001	"HCI1"
1905	-0.2907655	-0.96594615	0.2408013	"HCI1"
1906	-0.4414255	-1.1891965	0.1669155	"HCI1"
1907	1.571095	1.374329	1.7683365	"HCI1"
1908	-1.240985	-2.738963	-0.3729057	"HCI1"
1909	1.744025	1.54783	1.951456	"HCI1"
1910	1.559405	1.357752	1.7616795	"HCI1"
1911	0.9633015	0.68780485	1.229203	"HCI1"
1912	1.149745	0.88543225	1.397676	"HCI1"
1913	-0.6412885	-1.417143	0.08115096	"HCI1"
1914	-1.104075	-2.4647775	-0.26660725	"HCI1"
1915	-1.141625	-2.4042215	-0.30066755	"HCI1"
1916	-0.973459	-2.151337	-0.2405996	"HCI1"
1917	-0.707533	-1.659371	-0.0260559400000004	"HCI1"
1918	0.998971	0.7163841	1.2687455	"HCI1"
1919	0.5197765	0.12356295	0.8706318	"HCI1"
1920	0.198797	-0.36808745	0.63113395	"HCI1"
1921	-0.790314	-1.743371	-0.0970117450000001	"HCI1"
1922	1.357575	1.119884	1.561255	"HCI1"
1923	0.3453105	-0.07311752	0.71790605	"HCI1"
1924	-0.616125	-1.483638	-0.033920875	"HCI1"
1925	0.7310525	0.38265145	1.0066375	"HCI1"
1926	0.9489375	0.6565958	1.2447665	"HCI1"
1927	0.931059	0.60807355	1.199134	"HCI1"
1928	0.0593009	-0.51003245	0.53389855	"HCI1"
1929	0.340625	-0.1679665	0.72852555	"HCI1"
1930	0.1315605	-0.4388995	0.58422115	"HCI1"
1931	-0.782008	-1.696817	-0.0323592350000001	"HCI1"
1932	-0.5976395	-1.321084	0.036619235	"HCI1"
1933	-0.4580495	-1.1640445	0.1119328	"HCI1"
1934	-0.385703	-1.359651	0.2732397	"HCI1"
1935	1.43133	1.2304545	1.647137	"HCI1"
1936	-0.230985	-0.963895	0.3256292	"HCI1"
1937	-0.438913	-1.13566	0.12420865	"HCI1"
1938	-0.614042	-1.531589	0.0944448199999997	"HCI1"
1939	1.09438	0.81880805	1.364532	"HCI1"
1940	0.330729	-0.16371095	0.74052865	"HCI1"
1941	-0.766489	-1.593989	-0.0491374550000001	"HCI1"
1942	-0.9184575	-1.7962915	-0.1435538	"HCI1"
1943	-0.8905785	-1.742031	-0.17511915	"HCI1"
1944	1.51742	1.3005205	1.750523	"HCI1"
1945	-0.580037	-1.314582	0.0476372149999998	"HCI1"
1946	-1.16652	-2.015843	-0.50531315	"HCI1"
1947	0.0637756	-0.511835	0.5509645	"HCI1"
1948	-2.796655	-3.4992995	-2.201187	"HCI1"
1949	-0.983561	-1.6294245	-0.43142025	"HCI1"
1950	-0.1783865	-0.8118696	0.3341597	"HCI1"
1951	0.752434	0.4180322	1.037964	"HCI1"
1952	0.7185945	0.34001655	1.0503425	"HCI1"
1953	-0.8726635	-1.4486875	-0.32797355	"HCI1"
1954	1.563705	1.333868	1.779003	"HCI1"
1955	-0.6102475	-1.249017	-0.11090475	"HCI1"
1956	0.9980425	0.6900867	1.288757	"HCI1"
1957	0.471159	0.087259045	0.8102427	"HCI1"
1958	0.5819345	0.24817495	0.91269055	"HCI1"
1959	-0.394943	-0.87525985	0.0251007299999999	"HCI1"
1960	1.101035	0.8305798	1.362959	"HCI1"
1961	1.40751	1.1402085	1.6504265	"HCI1"
1962	-0.05993475	-0.51367485	0.30237795	"HCI1"
1963	-0.1236995	-0.59536325	0.25564415	"HCI1"
1964	-1.269335	-1.667585	-0.92825725	"HCI1"
1965	0.955909	0.67230605	1.2139415	"HCI1"
1966	0.360226	0.10488	0.59015635	"HCI1"
1967	0.212498	-0.04401916	0.4573573	"HCI1"
1968	0.215558	0.0036732005	0.4119483	"HCI1"
1969	0.623778	0.4283404	0.78505865	"HCI1"
1970	-1.047935	-1.332343	-0.80450395	"HCI1"
1971	-1.62404	-1.9163625	-1.318107	"HCI1"
1972	-1.21249	-1.490445	-0.94981665	"HCI1"
1973	0.1823235	-0.032202475	0.3806926	"HCI1"
1974	-0.1541145	-0.3781542	0.0389138	"HCI1"
1975	-1.560245	-1.8513965	-1.291773	"HCI1"
1976	1.632005	1.457758	1.797134	"HCI1"
1977	1.070835	0.88252825	1.2614585	"HCI1"
1978	0.587487	0.3787505	0.78094145	"HCI1"
1979	0.692229	0.5119364	0.87019515	"HCI1"
1980	0.3899395	0.18979575	0.6033613	"HCI1"
1981	1.88884	1.7055385	2.073861	"HCI1"
1982	2.598445	2.4126785	2.801969	"HCI1"
1983	0.3034875	0.091560985	0.49443125	"HCI1"
1984	0.2732525	0.055809785	0.46723925	"HCI1"
1985	0.237632	0.044903905	0.42848515	"HCI1"
1986	-0.935079	-1.1807215	-0.6845696	"HCI1"
1987	1.512545	1.316691	1.711431	"HCI1"
1988	-1.118455	-1.383971	-0.90109995	"HCI1"
1989	0.540934	0.30813295	0.77340575	"HCI1"
1990	-0.6746425	-0.92950955	-0.4481769	"HCI1"
1991	-1.75351	-2.05198	-1.4709135	"HCI1"
1992	0.632526	0.4300952	0.83350545	"HCI1"
1993	1.83705	1.6644885	2.0086875	"HCI1"
1994	1.783595	1.591824	2.0017985	"HCI1"
1995	-0.5063535	-0.75779295	-0.2791499	"HCI1"
1996	-0.254178	-0.4676737	-0.04696278	"HCI1"
1997	0.271149	0.0666593	0.47242525	"HCI1"
1998	0.303346	0.084880755	0.50818945	"HCI1"
1999	1.9098	1.685706	2.114921	"HCI1"
2000	2.058015	1.8329985	2.312838	"HCI1"
2001	-0.981188	-1.2534305	-0.7238783	"HCI1"
2002	1.27526	1.07483	1.4773885	"HCI1"
2003	1.59758	1.410845	1.791827	"HCI1"
2004	-1.718875	-2.0419645	-1.425791	"HCI1"
2005	-0.1724425	-0.38429625	0.0552206699999999	"HCI1"
2006	0.6481215	0.42556145	0.8774715	"HCI1"
2007	0.281644	0.05358933	0.48685515	"HCI1"
2008	-0.5542565	-0.79750465	-0.3369962	"HCI1"
2009	-0.7741295	-1.054937	-0.5233611	"HCI1"
2010	-0.681403	-0.93379305	-0.4475762	"HCI1"
2011	-0.270109	-0.48712345	-0.0485783650000001	"HCI1"
2012	0.777052	0.5592828	0.99672225	"HCI1"
2013	-0.310552	-0.5530844	-0.0830796	"HCI1"
2014	-0.266578	-0.4793591	-0.0532166900000001	"HCI1"
2015	0.352382	0.1388996	0.56739875	"HCI1"
1705	-0.2740535	-1.6770925	1.2228365	"HCI2"
1706	-0.719327	-2.765841	0.8249943	"HCI2"
1707	0.365586	-0.94550565	1.562068	"HCI2"
1708	-0.7187935	-2.830964	0.98768185	"HCI2"
1709	0.0787896	-1.534466	1.6577215	"HCI2"
1710	2.169175	0.94765605	3.727584	"HCI2"
1711	-0.04330645	-1.692781	1.1232485	"HCI2"
1712	-0.0832329	-1.317791	1.219461	"HCI2"
1713	0.0458289	-1.231051	1.6570355	"HCI2"
1714	-0.0639148	-1.393308	1.263945	"HCI2"
1715	0.01476885	-1.485527	1.368763	"HCI2"
1716	0.207415	-1.3770475	2.225957	"HCI2"
1717	-0.01792415	-1.7477685	1.3805095	"HCI2"
1718	-0.05955635	-1.500012	1.2647245	"HCI2"
1719	0.1197975	-1.5992985	1.778912	"HCI2"
1720	0.0122401	-1.420578	1.636554	"HCI2"
1721	-0.1381845	-2.321057	1.664163	"HCI2"
1722	-0.04241775	-1.471351	1.4321485	"HCI2"
1723	-0.0148717	-1.8631035	1.3826215	"HCI2"
1724	-0.01599415	-1.547206	1.610833	"HCI2"
1725	-0.05648495	-1.465458	1.2839355	"HCI2"
1726	-0.00467128	-1.488412	1.618351	"HCI2"
1727	0.111874	-1.1847225	2.0439645	"HCI2"
1728	-0.04202095	-1.3556045	1.408617	"HCI2"
1729	-0.1470715	-2.0404125	1.3000965	"HCI2"
1730	-0.116842	-1.363285	1.317107	"HCI2"
1731	-0.0746776	-1.875207	1.46625	"HCI2"
1732	-0.7800315	-1.9255895	0.40374385	"HCI2"
1733	-0.0549464	-1.7502755	1.290988	"HCI2"
1734	-0.2649715	-1.3792145	1.064794	"HCI2"
1735	0.02484305	-1.338985	2.0246565	"HCI2"
1736	-0.04793385	-1.5410355	1.2530075	"HCI2"
1737	0.0677842	-1.7083385	1.590804	"HCI2"
1738	-0.1851695	-1.9736635	1.3291655	"HCI2"
1739	0.02010925	-1.555991	1.5288905	"HCI2"
1740	-0.1062675	-1.4667485	1.2231225	"HCI2"
1741	-0.0482509	-1.5871085	1.244834	"HCI2"
1742	-0.2745605	-1.6142305	1.09149	"HCI2"
1743	-1.20115	-2.864591	0.482055449999999	"HCI2"
1744	-0.1039045	-1.403713	1.3981255	"HCI2"
1745	-0.004508065	-1.194813	1.700294	"HCI2"
1746	-0.02081615	-1.8926925	1.911572	"HCI2"
1747	-0.1904625	-1.7897345	1.184327	"HCI2"
1748	-0.0976137	-1.1938215	1.096343	"HCI2"
1749	0.01482875	-1.760745	1.479792	"HCI2"
1750	0.02990605	-1.422774	1.82526	"HCI2"
1751	0.0260199	-1.248386	1.412551	"HCI2"
1752	-0.076927	-1.5502525	1.9520255	"HCI2"
1753	-0.141298	-1.748923	1.4196025	"HCI2"
1754	0.0519673	-1.278747	1.3494355	"HCI2"
1755	-0.52633	-1.8872905	1.0125195	"HCI2"
1756	-0.610957	-2.096356	0.75989265	"HCI2"
1757	-0.04889895	-1.346809	1.4056565	"HCI2"
1758	0.0358967	-1.148156	1.745989	"HCI2"
1759	0.08694305	-1.2338525	1.8495265	"HCI2"
1760	-0.006771415	-1.5003445	1.7508215	"HCI2"
1761	0.05129325	-1.3508365	1.505617	"HCI2"
1762	0.09743045	-1.6154315	1.8313	"HCI2"
1763	-0.0502372	-1.518736	1.2705095	"HCI2"
1764	-0.07098405	-1.5655315	1.2665105	"HCI2"
1765	0.0345418	-1.3337435	1.974449	"HCI2"
1766	-0.1243555	-1.8767135	1.2228115	"HCI2"
1767	-0.0978981	-1.4196055	1.385919	"HCI2"
1768	0.1256145	-1.235877	1.646645	"HCI2"
1769	-2.85528	-4.4845595	-0.3995799	"HCI2"
1770	0.178034	-0.8172405	1.422984	"HCI2"
1771	0.209251	-0.96292275	1.9793025	"HCI2"
1772	-0.064845	-2.0361665	1.3578085	"HCI2"
1773	-0.03141865	-1.84943	1.6098505	"HCI2"
1774	-0.03207765	-1.4615705	1.344666	"HCI2"
1775	0.03946995	-1.225986	1.3749345	"HCI2"
1776	0.05408745	-1.2768985	1.670931	"HCI2"
1777	-0.1265545	-1.7357485	1.6156395	"HCI2"
1778	0.28857	-0.90187045	1.7089045	"HCI2"
1779	-0.03164555	-1.420162	1.5753815	"HCI2"
1780	-0.0700709	-1.4639575	1.346699	"HCI2"
1781	-0.0349518	-1.328972	2.059442	"HCI2"
1782	0.257937	-0.79812575	1.208313	"HCI2"
1783	-0.212118	-1.453961	1.090118	"HCI2"
1784	-0.104878	-2.0674945	1.1948425	"HCI2"
1785	-0.0157841	-1.8376025	1.5792365	"HCI2"
1786	-0.163032	-1.567163	1.154854	"HCI2"
1787	0.02265205	-2.30182	1.9754405	"HCI2"
1788	-1.32142	-3.1473435	0.1248029	"HCI2"
1789	-0.3116355	-1.427375	0.85174135	"HCI2"
1790	-1.30769	-2.1775695	-0.525688050000001	"HCI2"
1791	0.3749845	-0.71530685	1.71807	"HCI2"
1792	0.2193635	-0.9010396	1.5909765	"HCI2"
1793	0.112614	-1.3078005	1.3993825	"HCI2"
1794	0.1430785	-1.0781575	1.5965235	"HCI2"
1795	0.08123095	-1.483973	1.9260115	"HCI2"
1796	0.471869	-0.6739512	1.7151875	"HCI2"
1797	-0.0425402	-1.470626	1.220357	"HCI2"
1798	0.281931	-0.96382855	1.479225	"HCI2"
1799	0.3295285	-0.95060135	1.8118435	"HCI2"
1800	0.06249	-1.3759255	1.4096455	"HCI2"
1801	1.000427	-0.3217396	2.489304	"HCI2"
1802	-0.19337	-1.342804	1.035296	"HCI2"
1803	-0.144616	-1.0217255	0.9945941	"HCI2"
1804	0.001251905	-1.453144	1.312881	"HCI2"
1805	-0.00996087	-1.36715	1.257096	"HCI2"
1806	0.275247	-0.9161519	1.4131235	"HCI2"
1807	-0.0122608	-1.733022	1.636648	"HCI2"
1808	0.537376	-0.70818585	1.655151	"HCI2"
1809	0.10115935	-1.238931	1.4068335	"HCI2"
1810	0.1415325	-1.261116	2.383431	"HCI2"
1811	0.245432	-1.085483	1.4552095	"HCI2"
1812	0.6567	-0.5264731	1.8739535	"HCI2"
1813	0.7872565	-0.3927852	2.206017	"HCI2"
1814	-0.1107135	-1.97417	1.563797	"HCI2"
1815	0.5171265	-1.093468	1.823581	"HCI2"
1816	1.08478	0.010660414	2.0297905	"HCI2"
1817	0.8228685	-0.5084763	2.0445	"HCI2"
1818	-0.07425425	-1.8519675	1.2667185	"HCI2"
1819	-0.09456475	-1.7052445	1.191576	"HCI2"
1820	-0.4650295	-1.9723045	1.275812	"HCI2"
1821	0.13237	-1.206412	1.4806515	"HCI2"
1822	0.6279865	-0.60204685	2.364769	"HCI2"
1823	0.0895751	-1.1574535	1.6355565	"HCI2"
1824	0.1053035	-1.173159	1.5025065	"HCI2"
1825	-1.08872	-2.086094	-0.35391755	"HCI2"
1826	-0.1896815	-1.4004815	1.1452465	"HCI2"
1827	0.5798745	-0.7239422	1.782772	"HCI2"
1828	0.2080725	-1.055805	1.7048485	"HCI2"
1829	0.428092	-0.7074418	1.60528	"HCI2"
1830	0.2503315	-0.98599565	1.5078635	"HCI2"
1831	-0.01976575	-1.6865325	1.294079	"HCI2"
1832	-2.15244	-3.7697845	-0.8961107	"HCI2"
1833	-0.1073025	-1.3231865	1.3682405	"HCI2"
1834	-0.419063	-1.210749	0.499474	"HCI2"
1835	0.232829	-0.8272482	1.630327	"HCI2"
1836	0.1304405	-1.26713	1.8533665	"HCI2"
1837	0.1118765	-1.280316	1.5991855	"HCI2"
1838	0.08668505	-1.13739	1.547218	"HCI2"
1839	0.9542515	-0.2381187	2.1762165	"HCI2"
1840	2.65294	1.8665125	3.5377585	"HCI2"
1841	0.2571725	-1.272389	1.5575885	"HCI2"
1842	0.09750295	-0.6412266	0.8556549	"HCI2"
1843	1.26976	0.41498485	2.1387835	"HCI2"
1844	-0.462313	-1.2415405	0.39384175	"HCI2"
1845	0.286149	-1.084527	1.4596365	"HCI2"
1846	-1.43514	-2.01312	-0.8759264	"HCI2"
1847	-0.239067	-1.8849855	1.0511485	"HCI2"
1848	0.02608475	-1.239652	0.99074695	"HCI2"
1849	0.5582935	-0.62600555	1.479321	"HCI2"
1850	0.0162065	-1.0657895	1.180237	"HCI2"
1851	-0.231141	-1.1372295	0.7173312	"HCI2"
1852	0.455974	-0.82048295	1.730295	"HCI2"
1853	0.01712875	-1.193248	1.3316975	"HCI2"
1854	-0.911773	-1.88209	0.2714553	"HCI2"
1855	0.358666	-0.1318635	0.871810499999999	"HCI2"
1856	0.0961101	-0.9470177	1.0539065	"HCI2"
1857	-0.049736	-1.5774365	1.1483245	"HCI2"
1858	-0.03256345	-1.0892705	1.271212	"HCI2"
1859	0.6478615	-0.4804768	1.605942	"HCI2"
1860	0.168753	-0.8912747	1.16482	"HCI2"
1861	-0.0662552	-1.205894	1.215402	"HCI2"
1862	0.0671939	-1.261482	1.589797	"HCI2"
1863	0.05545075	-1.203051	1.2176765	"HCI2"
1864	-0.312386	-1.466302	0.74164535	"HCI2"
1865	0.267556	-1.1022005	1.4712795	"HCI2"
1866	-2.023585	-2.8045825	-1.418344	"HCI2"
1867	0.1129345	-1.544795	1.247986	"HCI2"
1868	-2.365625	-3.244436	-1.65275	"HCI2"
1869	0.05854875	-1.0876335	1.24399	"HCI2"
1870	-0.0410078	-1.1512455	1.102762	"HCI2"
1871	0.8387645	-0.03738238	1.559304	"HCI2"
1872	-0.5224235	-1.098331	0.0658935049999995	"HCI2"
1873	-0.1468275	-1.446156	1.137269	"HCI2"
1874	-1.259845	-1.9479445	-0.270907200000001	"HCI2"
1875	-0.5699165	-1.256143	0.2146448	"HCI2"
1876	0.00733586	-1.219579	1.1480315	"HCI2"
1877	0.05525045	-1.1023785	1.2090555	"HCI2"
1878	-0.360253	-1.255331	0.61171845	"HCI2"
1879	1.52852	0.28110205	2.673225	"HCI2"
1880	0.499208	-0.8108245	1.5037885	"HCI2"
1881	-0.0113574	-0.99104385	1.083528	"HCI2"
1882	1.223325	0.5626627	1.8583645	"HCI2"
1883	0.0201163	-1.415641	1.645963	"HCI2"
1884	0.327354	-0.6249758	1.386477	"HCI2"
1885	-0.3619155	-1.7537425	1.0371685	"HCI2"
1886	0.317696	-0.6342215	1.141907	"HCI2"
1887	-0.159487	-1.713396	1.2911745	"HCI2"
1888	-0.6039715	-1.591106	0.746653549999999	"HCI2"
1889	-0.701669	-1.7127555	0.716203	"HCI2"
1890	-0.1445655	-1.273881	0.98918475	"HCI2"
1891	-0.8001845	-1.90431	0.615325999999999	"HCI2"
1892	-0.09961645	-1.212915	0.876383749999999	"HCI2"
1893	-1.42604	-2.1682135	-0.652401	"HCI2"
1894	0.8599155	-0.08923597	1.6341195	"HCI2"
1895	0.367808	-0.37889375	1.044887	"HCI2"
1896	0.0699494	-0.43006105	0.5329089	"HCI2"
1897	-0.2513835	-1.5563485	1.222725	"HCI2"
1898	-0.1895625	-1.2439555	0.932798749999999	"HCI2"
1899	-0.130451	-1.2753545	0.99301535	"HCI2"
1900	0.762327	-0.1276828	1.5584445	"HCI2"
1901	-0.2580335	-1.285845	0.794726399999999	"HCI2"
1902	0.03163215	-1.1724005	1.092441	"HCI2"
1903	-0.310847	-0.91479565	0.22418065	"HCI2"
1904	-0.1591115	-1.44662	1.144575	"HCI2"
1905	0.1257015	-1.090319	1.33797	"HCI2"
1906	-0.607249	-1.600089	0.483994049999999	"HCI2"
1907	-1.412895	-2.092318	-0.7414178	"HCI2"
1908	-0.0660007	-1.3408525	1.0437305	"HCI2"
1909	0.8488715	0.38514205	1.3350625	"HCI2"
1910	1.63739	1.1311825	2.180103	"HCI2"
1911	-1.43739	-2.0788435	-0.8544118	"HCI2"
1912	-0.616438	-1.327841	0.0890528699999999	"HCI2"
1913	0.421375	-0.7533865	1.5809495	"HCI2"
1914	-0.000328115	-1.157024	1.4043455	"HCI2"
1915	-0.0163587	-1.403792	1.024521	"HCI2"
1916	-0.205174	-2.0857075	0.997505	"HCI2"
1917	-0.2511675	-1.271519	0.8500899	"HCI2"
1918	0.570211	0.04846183	1.063315	"HCI2"
1919	1.884715	1.376988	2.442204	"HCI2"
1920	-1.183065	-1.9173665	-0.36883045	"HCI2"
1921	-0.1838215	-1.3494815	0.98542165	"HCI2"
1922	-0.140353	-0.74053005	0.4440886	"HCI2"
1923	0.7439445	-0.20983735	1.5872455	"HCI2"
1924	0.763481	-0.26035815	1.5286555	"HCI2"
1925	0.4325465	-0.231055	1.035204	"HCI2"
1926	-2.54273	-3.240799	-1.904153	"HCI2"
1927	0.622113	0.0106470645	1.160277	"HCI2"
1928	-0.0595076	-0.94348385	0.76053365	"HCI2"
1929	-1.67957	-2.361305	-0.787184200000001	"HCI2"
1930	0.600891	-0.22476585	1.359005	"HCI2"
1931	-0.266343	-1.417973	0.8782138	"HCI2"
1932	0.3818705	-0.9108356	1.459638	"HCI2"
1933	0.335388	-0.68675655	1.1994255	"HCI2"
1934	-0.9816585	-2.353025	0.2095038	"HCI2"
1935	0.713212	0.23635065	1.239409	"HCI2"
1936	-0.2470805	-1.324526	0.93097265	"HCI2"
1937	-0.7711955	-1.92873	0.49849985	"HCI2"
1938	-0.431271	-1.627453	0.93985835	"HCI2"
1939	-1.323835	-2.105257	-0.5107386	"HCI2"
1940	-0.08308105	-1.08478	0.780928899999999	"HCI2"
1941	-0.2074515	-1.5685655	0.9613643	"HCI2"
1942	0.02028135	-1.081306	1.0741015	"HCI2"
1943	0.1783865	-0.94843945	1.3738015	"HCI2"
1944	0.7279375	0.1534437	1.2820435	"HCI2"
1945	0.2214635	-0.76032115	1.1392475	"HCI2"
1946	-0.456597	-2.5169685	0.8749886	"HCI2"
1947	1.261925	0.6771516	1.835279	"HCI2"
1948	-0.05921875	-1.5895685	1.216582	"HCI2"
1949	0.1653385	-0.88627425	1.454395	"HCI2"
1950	-0.6762495	-1.829283	0.463868199999999	"HCI2"
1951	-0.713525	-1.762428	0.417674899999999	"HCI2"
1952	0.02954505	-0.8471957	0.8246781	"HCI2"
1953	-0.563367	-1.7986495	0.505307549999999	"HCI2"
1954	0.8707785	0.30973045	1.364856	"HCI2"
1955	0.412903	-0.5701088	1.4213365	"HCI2"
1956	0.838584	0.13271495	1.4682145	"HCI2"
1957	-0.1985145	-0.9744218	0.6183565	"HCI2"
1958	0.434892	-0.3747776	1.1275605	"HCI2"
1959	-1.351915	-2.2505115	-0.321655050000001	"HCI2"
1960	0.1730895	-0.53483005	0.83378955	"HCI2"
1961	-0.6100445	-1.3092595	0.05305355	"HCI2"
1962	-0.9515825	-1.742318	-0.0739949600000002	"HCI2"
1963	0.185467	-0.6500564	1.0954925	"HCI2"
1964	-0.1971895	-0.74749575	0.2870829	"HCI2"
1965	-0.333349	-1.1028105	0.4244348	"HCI2"
1966	-0.009545795	-0.4614334	0.3833054	"HCI2"
1967	-0.4148945	-0.79641615	-0.093310925	"HCI2"
1968	-0.8697395	-1.2593605	-0.5506577	"HCI2"
1969	-0.373562	-0.65841585	-0.11117255	"HCI2"
1970	0.3487315	0.067903075	0.63032165	"HCI2"
1971	1.64947	1.279193	2.098143	"HCI2"
1972	-0.528474	-0.86649815	-0.24891225	"HCI2"
1973	-0.024187	-0.42950035	0.37156205	"HCI2"
1974	0.3178155	0.034964735	0.58542325	"HCI2"
1975	-0.5336755	-0.8415724	-0.32651075	"HCI2"
1976	-0.4776535	-0.80349875	-0.1929995	"HCI2"
1977	-0.332626	-0.6324956	-0.053298015	"HCI2"
1978	-0.119097	-0.3984903	0.13891035	"HCI2"
1979	-0.5207355	-0.82021625	-0.2681112	"HCI2"
1980	-0.6760615	-0.9767006	-0.3963478	"HCI2"
1981	-0.4742855	-0.7652313	-0.2249519	"HCI2"
1982	-0.258766	-0.49670555	-0.01044412	"HCI2"
1983	-0.186061	-0.5248675	0.12168585	"HCI2"
1984	0.2624675	0.02030908	0.51209615	"HCI2"
1985	-0.45208	-0.7519052	-0.20205125	"HCI2"
1986	0.02813305	-0.27939835	0.3071787	"HCI2"
1987	0.5581355	0.19286155	0.8746359	"HCI2"
1988	-0.3098815	-0.6226761	-0.070991345	"HCI2"
1989	0.2157515	-0.18463555	0.5886272	"HCI2"
1990	0.314211	0.02127644	0.60885375	"HCI2"
1991	-0.620046	-0.9425504	-0.32719205	"HCI2"
1992	0.7905865	0.50778355	1.086178	"HCI2"
1993	-0.365687	-0.64553845	-0.1400324	"HCI2"
1994	2.370515	1.8846345	3.017694	"HCI2"
1995	-0.3401105	-0.6503025	-0.06095371	"HCI2"
1996	-0.474287	-0.79241765	-0.19230235	"HCI2"
1997	-0.441758	-0.72117355	-0.18140985	"HCI2"
1998	0.6002085	0.3459445	0.90077415	"HCI2"
1999	0.9582275	0.70281395	1.301579	"HCI2"
2000	3.144115	2.6203885	3.750253	"HCI2"
2001	0.5668065	0.31184905	0.84947995	"HCI2"
2002	-0.1418405	-0.3892917	0.074648045	"HCI2"
2003	-1.071065	-1.537384	-0.7113755	"HCI2"
2004	-0.4011785	-0.647804	-0.16690215	"HCI2"
2005	-0.615904	-0.99206955	-0.28515915	"HCI2"
2006	0.08749365	-0.2351439	0.3824971	"HCI2"
2007	0.426166	0.143379	0.7262989	"HCI2"
2008	1.35515	1.038238	1.744184	"HCI2"
2009	2.076215	1.6341445	2.533367	"HCI2"
2010	0.4677975	0.1842232	0.763153	"HCI2"
2011	-0.4821095	-0.80501955	-0.20369315	"HCI2"
2012	1.053675	0.7399239	1.431989	"HCI2"
2013	3.38162	2.8121285	4.136913	"HCI2"
2014	-0.09085735	-0.4119242	0.19026015	"HCI2"
2015	0.307611	0.063488085	0.5747972	"HCI2"
